Workbook
Name budsjettloep_merknad: 'Budsjettløp'!$B$13
Name budsjettloep_overskrift: 'Budsjettløp'!$B$5
Name budsjettloep_start: 'Budsjettløp'!$B$6
Name hovedposter_kontroll: 'Hovedposter'!$D$20
Name hovedposter_overskrift: 'Hovedposter'!$B$5
Name hovedposter_rnb_forslag: 'Hovedposter'!$C$24
Name hovedposter_rnb_nominell: 'Hovedposter'!$C$25
Name hovedposter_rnb_realvekst: 'Hovedposter'!$C$26
Name hovedposter_rnb_utgangspunkt: 'Hovedposter'!$C$23
Name hovedposter_start: 'Hovedposter'!$B$6
Name hovedposter_sum: 'Hovedposter'!$D$19
Name hovedtall_endring: 'Hovedtall'!$C$8
Name hovedtall_etikett_forslag: 'Hovedtall'!$B$7
Name hovedtall_etikett_utgangspunkt: 'Hovedtall'!$B$6
Name hovedtall_forslag: 'Hovedtall'!$C$7
Name hovedtall_nominell: 'Hovedtall'!$C$9
Name hovedtall_prisavvik: 'Hovedtall'!$C$17
Name hovedtall_prisjustering: 'Hovedtall'!$C$15
Name hovedtall_prissats: 'Hovedtall'!$C$10
Name hovedtall_realvekst_a: 'Hovedtall'!$C$19
Name hovedtall_realvekst_a_rnb: 'Hovedtall'!$C$20
Name hovedtall_realvekst_b: 'Hovedtall'!$C$11
Name hovedtall_realvekst_b_rnb: 'Hovedtall'!$C$12
Name hovedtall_realvekst_b_rnb_varig: 'Hovedtall'!$C$21
Name hovedtall_ren_sats: 'Hovedtall'!$C$18
Name hovedtall_rnb: 'Hovedtall'!$C$23
Name hovedtall_rnb_regime: 'Hovedtall'!$C$22
Name hovedtall_sats_x_utgangspunkt: 'Hovedtall'!$C$16
Name hovedtall_utgangspunkt: 'Hovedtall'!$C$6
Name kilder_budsjettaar: 'Kilder'!$C$6
Name kilder_content_length: 'Kilder'!$C$12
Name kilder_filnavn: 'Kilder'!$C$10
Name kilder_finn_dom: 'Kilder'!$C$34
Name kilder_hentet: 'Kilder'!$C$13
Name kilder_kjort: 'Kilder'!$C$33
Name kilder_kontroll_a: 'Kilder'!$C$28
Name kilder_kontroll_b: 'Kilder'!$C$29
Name kilder_kontroll_c: 'Kilder'!$C$30
Name kilder_rnb: 'Kilder'!$C$26
Name kilder_sha256: 'Kilder'!$C$11
Name kilder_side_hovedtabell: 'Kilder'!$C$17
Name kilder_side_institusjoner: 'Kilder'!$C$23
Name kilder_side_lukket: 'Kilder'!$C$22
Name kilder_side_prisjustering: 'Kilder'!$C$19
Name kilder_side_resultat: 'Kilder'!$C$20
Name kilder_side_satser: 'Kilder'!$C$21
Name kilder_side_trykt: 'Kilder'!$C$18
Name kilder_sider: 'Kilder'!$C$14
Name kilder_sitat: 'Kilder'!$C$27
Name kilder_skript: 'Kilder'!$C$31
Name kilder_skriptversjon: 'Kilder'!$C$32
Name kilder_tittel: 'Kilder'!$C$8
Name kilder_url: 'Kilder'!$C$9
Name kilder_utgave: 'Kilder'!$C$7
Name resultat_merknad: 'Resultat'!$B$11
Name resultat_overskrift: 'Resultat'!$B$5
Name resultat_start: 'Resultat'!$B$6
Name satser_lukket_ramme_start: 'Satser'!$B$32
Name satser_lukket_ramme_tomtekst: 'Satser'!$B$32
Name satser_merknad: 'Satser'!$B$45

Sheet Hovedtall
B2: Hovedtall for UiT, kap. 260 post 50
B3: NOK i hele tusen
B5: Hovedtall | C5: Verdi
B6: Utgangspunkt (heftets første kolonne)
B7: Forslag (heftets siste kolonne)
B8: Endring i kroner | C8: ='Hovedtall'!$C$7-'Hovedtall'!$C$6
B9: Nominell endring | C9: ='Hovedtall'!$C$8/'Hovedtall'!$C$6
B10: Prisjusteringssats i heftet
B11: Realvekst (metode b, uten RNB) | C11: =('Hovedtall'!$C$8-'Hovedtall'!$C$15)/'Hovedtall'!$C$6
B12: Realvekst (metode b, med RNB <år−1> i utgangspunktet) | C12: =IF('Hovedtall'!$C$23="","ikke oppgitt",('Hovedtall'!$C$8-'Hovedtall'!$C$15)/('Hovedtall'!$C$6+'Hovedtall'!$C$23))
B14: Kontroll | C14: Verdi
B15: Prisjustering i kroner fra heftet
B16: Sats x utgangspunkt | C16: =ROUND('Hovedtall'!$C$10*'Hovedtall'!$C$6,0)
B17: Avvik (heftet minus sats x utgangspunkt) | C17: ='Hovedtall'!$C$15-'Hovedtall'!$C$16
B18: Ren sats (avvik innenfor toleranse)
B19: Realvekst (metode a, uten RNB) | C19: ='Hovedtall'!$C$9-'Hovedtall'!$C$10
B20: Realvekst (metode a, med RNB <år−1> i utgangspunktet) | C20: =IF('Hovedtall'!$C$23="","ikke oppgitt",'Hovedtall'!$C$8/('Hovedtall'!$C$6+'Hovedtall'!$C$23)-'Hovedtall'!$C$10)
B21: Realvekst (metode b) om RNB-endringen er varig og ikke inngår i prisjusteringskolonnen | C21: =IF('Hovedtall'!$C$23="","ikke oppgitt",('Hovedtall'!$C$7-('Hovedtall'!$C$6+'Hovedtall'!$C$23)-'Hovedtall'!$C$15)/('Hovedtall'!$C$6+'Hovedtall'!$C$23))
B22: RNB-regime (utledet av skriptet)
B23: RNB-endring <år−1> for UiT, kap. 260 post 50, fra budsjettbasen (KDs supplerende tildelingsbrev); tom = ikke justert

Sheet Budsjettløp
B2: Budsjettløpet for UiT: forslag, vedtatt og revidert
B3: NOK i hele tusen
B5: Budsjettår | C5: Forslag (blått hefte) | D5: Vedtatt (etter Stortinget) | E5: RNB-endring, kap. 260 post 50 | F5: Vedtatt etter RNB | G5: RNB-kilde
F6: =IF(OR(D6="",E6=""),"ikke oppgitt",D6+E6)
F7: =IF(OR(D7="",E7=""),"ikke oppgitt",D7+E7)
F8: =IF(OR(D8="",E8=""),"ikke oppgitt",D8+E8)
F9: =IF(OR(D9="",E9=""),"ikke oppgitt",D9+E9)
F10: =IF(OR(D10="",E10=""),"ikke oppgitt",D10+E10)
F11: =IF(OR(D11="",E11=""),"ikke oppgitt",D11+E11)
B13: RNB-endringen er UiTs endring på kap. 260 post 50 i KDs supplerende tildelingsbrev nr. 1 etter revidert nasjonalbudsjett (juni/juli); den kan være negativ. Proposisjonen har bare sektortall, og blått hefte har ingen RNB-utgave. Hovedtall bruker RNB-endringen for året før som del av utgangspunktet. Kilder merket (uverifisert) er ikke kontrollert mot et offentlig dokument.

Sheet Hovedposter
B2: Hovedposter: heftets kolonner for UiT
B3: NOK i hele tusen
B5: Post (heftets etikett) | C5: Egen etikett | D5: UiT
B19: Sum utgangspunkt og endringar | D19: =SUM(D6:D17)
B20: Avvik mot heftets forslag (skal vere 0) | D20: =D19-D18
B22: Justert for RNB | C22: Verdi
B23: Utgangspunkt inkl. RNB | C23: =IF('Hovedtall'!$C$23="","ikke oppgitt",D6+'Hovedtall'!$C$23)
B24: Forslag inkl. RNB | C24: =IF('Hovedtall'!$C$23="","ikke oppgitt",D18+'Hovedtall'!$C$23)
B25: Nominell endring inkl. RNB | C25: =IF('Hovedtall'!$C$23="","ikke oppgitt",(D18-D6)/(D6+'Hovedtall'!$C$23))
B26: Realvekst (metode b) inkl. RNB | C26: =IF('Hovedtall'!$C$23="","ikke oppgitt",(D18-D6-'Hovedtall'!$C$15)/(D6+'Hovedtall'!$C$23))

Sheet Resultat
B2: Resultatbasert utteljing for UiT per indikator
B3: NOK i hele tusen
B5: Indikator (heftets etikett) | C5: Egen etikett | D5: UiT | E5: Sumkolonne i heftet
B11: Indikatorene og sumkolonnene er heftets egne for dette året. Malen har ingen faste indikatornavn.

Sheet Sektor
B2: Sammenligning med andre institusjoner
B3: NOK i hele tusen
B5: Universiteta
B6: Kortkode | C6: Institusjon | D6: Utgangspunkt | E6: Forslag | F6: Nominell endring | G6: Prisjustering | H6: Realvekst (metode b)
F7: =(E7-D7)/D7 | H7: =(E7-D7-G7)/D7
F8: =(E8-D8)/D8 | H8: =(E8-D8-G8)/D8
F9: =(E9-D9)/D9 | H9: =(E9-D9-G9)/D9
F10: =(E10-D10)/D10 | H10: =(E10-D10-G10)/D10
F11: =(E11-D11)/D11 | H11: =(E11-D11-G11)/D11
F12: =(E12-D12)/D12 | H12: =(E12-D12-G12)/D12
F13: =(E13-D13)/D13 | H13: =(E13-D13-G13)/D13
F14: =(E14-D14)/D14 | H14: =(E14-D14-G14)/D14
F15: =(E15-D15)/D15 | H15: =(E15-D15-G15)/D15
F16: =(E16-D16)/D16 | H16: =(E16-D16-G16)/D16
B18: Alle statlege institusjonar
B19: Kortkode | C19: Institusjon | D19: Utgangspunkt | E19: Forslag | F19: Nominell endring | G19: Prisjustering | H19: Realvekst (metode b)
F20: =(E20-D20)/D20 | H20: =(E20-D20-G20)/D20
F21: =(E21-D21)/D21 | H21: =(E21-D21-G21)/D21
F22: =(E22-D22)/D22 | H22: =(E22-D22-G22)/D22
F23: =(E23-D23)/D23 | H23: =(E23-D23-G23)/D23
F24: =(E24-D24)/D24 | H24: =(E24-D24-G24)/D24
F25: =(E25-D25)/D25 | H25: =(E25-D25-G25)/D25
F26: =(E26-D26)/D26 | H26: =(E26-D26-G26)/D26
F27: =(E27-D27)/D27 | H27: =(E27-D27-G27)/D27
F28: =(E28-D28)/D28 | H28: =(E28-D28-G28)/D28
F29: =(E29-D29)/D29 | H29: =(E29-D29-G29)/D29
F30: =(E30-D30)/D30 | H30: =(E30-D30-G30)/D30
F31: =(E31-D31)/D31 | H31: =(E31-D31-G31)/D31
... F40: =(E40-D40)/D40 | H40: =(E40-D40-G40)/D40

Sheet Satser
B2: Satsar og rammer slik heftet oppgir dei
B5: Open ramme
B6: Open ramme finst ikkje i heftet for dette året.
B31: Lukka ramme
B32: Lukket ramme finnes ikke i heftet for dette året.
B45: Satskolonne for lukka ramme: ikke i heftet, krever produksjonstall fra DBH.

Sheet Kilder
B2: Kilder og kontrollspor
B5: Kilde | C5: Verdi
B6: Budsjettår
B7: Utgave
B8: Tittel
B9: URL
B10: Filnavn
B11: SHA-256
B12: Filstørrelse (byte)
B13: Hentet (UTC)
B14: Sider i PDF-en
B16: Side per tabell | C16: PDF-side
B17: Hovedtabell (kap. 260 post 50)
B18: Hovedtabell, trykt sidetall
B19: Prisjustering (kolonneforklaring)
B20: Resultatbasert utteljing
B21: Satsar, open ramme
B22: Satsar, lukka ramme
B23: Forkortingsliste
B25: Kontroll og skript | C25: Verdi
B26: RNB-tillegg brukt i Hovedtall (året før, kilde)
B27: Prissats-sitat
B28: Kontroll A (alle rader summerer)
B29: Kontroll B (bånd mot overskrifter)
B30: Kontroll C (kryss mot forrige hefte)
B31: Skript
B32: Skriptversjon
B33: Kjørt (UTC)
B34: Dom fra finn_blaatt_hefte.py

Sheet _meta
A1: type | B1: navn | C1: ark | D1: celle
A2: celle | B2: budsjettloep_merknad | C2: Budsjettløp | D2: B13
A3: celle | B3: budsjettloep_overskrift | C3: Budsjettløp | D3: B5
A4: celle | B4: budsjettloep_start | C4: Budsjettløp | D4: B6
A5: celle | B5: hovedposter_kontroll | C5: Hovedposter | D5: D20
A6: celle | B6: hovedposter_overskrift | C6: Hovedposter | D6: B5
A7: celle | B7: hovedposter_rnb_forslag | C7: Hovedposter | D7: C24
A8: celle | B8: hovedposter_rnb_nominell | C8: Hovedposter | D8: C25
A9: celle | B9: hovedposter_rnb_realvekst | C9: Hovedposter | D9: C26
A10: celle | B10: hovedposter_rnb_utgangspunkt | C10: Hovedposter | D10: C23
A11: celle | B11: hovedposter_start | C11: Hovedposter | D11: B6
A12: celle | B12: hovedposter_sum | C12: Hovedposter | D12: D19
... A67: celle | B67: sektor_universiteter_start | C67: Sektor | D67: B7
A68: rad | B68: budsjettloep_nest_siste | D68: 10
A69: rad | B69: budsjettloep_slutt | D69: 11
A70: rad | B70: budsjettloep_start | D70: 6
A71: rad | B71: hovedposter_kontroll | D71: 20
A72: rad | B72: hovedposter_nest_siste | D72: 17
A73: rad | B73: hovedposter_rnb_slutt | D73: 26
A74: rad | B74: hovedposter_rnb_start | D74: 23
A75: rad | B75: hovedposter_slutt | D75: 18
A76: rad | B76: hovedposter_start | D76: 6
A77: rad | B77: hovedposter_sum | D77: 19
A78: rad | B78: hovedtall_hoveddel_slutt | D78: 12
A79: rad | B79: hovedtall_hoveddel_start | D79: 6
... A100: rad | B100: sektor_universiteter_start | D100: 7
